,SA20doez,HC20doez
0,1.8736416001202665,1.7659959605892483
1,1.8736416001202665,1.7483167317916442
2,1.8736416001202665,1.7483167317916442
3,1.8736416001202665,1.7483167317916442
4,1.8736416001202665,1.7138392912892721
5,1.8736416001202665,1.7138392912892721
6,1.8736416001202665,1.7075208893335712
7,1.8736416001202665,1.7075208893335712
8,1.8736416001202665,1.7075208893335712
9,1.8736416001202665,1.660504428319258
10,1.8736416001202665,1.660504428319258
11,1.8736416001202665,1.6346759505873025
12,1.8736416001202665,1.5786506765423203
13,1.8736416001202665,1.5656424911006146
14,1.8736416001202665,1.5656424911006146
15,1.8736416001202665,1.5656424911006146
16,1.8736416001202665,1.555500765211031
17,1.8736416001202665,1.4936279887750252
18,1.8736416001202665,1.4936279887750252
19,1.8736416001202665,1.4263794819147042
20,1.8736416001202665,1.4263794819147042
21,1.8736416001202665,1.4235255728195455
22,1.8736416001202665,1.4235255728195455
23,1.8736416001202665,1.4235255728195455
24,1.8736416001202665,1.3739837886999406
25,1.8736416001202665,1.3739837886999406
26,1.8736416001202665,1.3739837886999406
27,1.8736416001202665,1.3569883772283617
28,1.8736416001202665,1.2897897038686579
29,1.8736416001202665,1.2785060542102058
30,1.8736416001202665,1.2785060542102058
31,1.8736416001202665,1.2477705014968083
32,1.8736416001202665,1.240947475952254
33,1.8736416001202665,1.2138422468622523
34,1.8736416001202665,1.2138422468622523
35,1.8736416001202665,1.2138422468622523
36,1.8736416001202665,1.2138422468622523
37,1.8736416001202665,1.2121566230462941
38,1.8736416001202665,1.2121566230462941
39,1.8736416001202665,1.1520272260906956
40,1.8596479456448913,1.1520272260906956
41,1.8596479456448913,1.1505011329799653
42,1.8596479456448913,1.1505011329799653
43,1.8596479456448913,1.1505011329799653
44,1.8596479456448913,1.1505011329799653
45,1.8596479456448913,1.1461756182327205
46,1.8596479456448913,1.1461756182327205
47,1.8596479456448913,1.1461756182327205
48,1.8596479456448913,1.1461756182327205
49,1.8596479456448913,1.0965101181481893
50,1.8596479456448913,1.0911170821361493
51,1.8596479456448913,1.0911170821361493
52,1.8596479456448913,1.0911170821361493
53,1.8596479456448913,1.0911170821361493
54,1.8596479456448913,1.0911170821361493
55,1.8596479456448913,1.0881101718147903
56,1.8596479456448913,1.0764568081732757
57,1.8596479456448913,1.0764568081732757
58,1.8596479456448913,1.0764568081732757
59,1.8596479456448913,1.0764568081732757
60,1.8596479456448913,1.0764568081732757
61,1.8596479456448913,1.0764568081732757
62,1.8596479456448913,1.075929493295478
63,1.8596479456448913,1.0754539182431513
64,1.8596479456448913,1.0754539182431513
65,1.8596479456448913,1.0056077510351191
66,1.8596479456448913,1.0056077510351191
67,1.8596479456448913,1.0056077510351191
68,1.8596479456448913,1.0056077510351191
69,1.8596479456448913,1.0056077510351191
70,1.8596479456448913,0.9837275744220483
71,1.8596479456448913,0.9837275744220483
72,1.8596479456448913,0.9837275744220483
73,1.8596479456448913,0.9837275744220483
74,1.8596479456448913,0.9837275744220483
75,1.8596479456448913,0.9837275744220483
76,1.8596479456448913,0.9837275744220483
77,1.8596479456448913,0.9837275744220483
78,1.8596479456448913,0.982651975664952
79,1.8596479456448913,0.982651975664952
80,1.6628018117809948,0.982651975664952
81,1.6628018117809948,0.982651975664952
82,1.6628018117809948,0.982651975664952
83,1.6628018117809948,0.982651975664952
84,1.6628018117809948,0.982651975664952
85,1.6628018117809948,0.982651975664952
86,1.6628018117809948,0.982651975664952
87,1.6628018117809948,0.982651975664952
88,1.6628018117809948,0.982651975664952
89,1.6628018117809948,0.982651975664952
90,1.6628018117809948,0.982651975664952
91,1.6628018117809948,0.982651975664952
92,1.6628018117809948,0.982651975664952
93,1.6628018117809948,0.982651975664952
94,1.6628018117809948,0.9825156441460545
95,1.6628018117809948,0.9825156441460545
96,1.6628018117809948,0.978315333759938
97,1.6628018117809948,0.978315333759938
98,1.6628018117809948,0.9226145717393957
99,1.6628018117809948,0.9226145717393957
100,1.6628018117809948,0.9226145717393957
101,1.6628018117809948,0.9165915282114833
102,1.6628018117809948,0.9165915282114833
103,1.6628018117809948,0.9165915282114833
104,1.6628018117809948,0.9064650123376004
105,1.6628018117809948,0.9064650123376004
106,1.6628018117809948,0.9064650123376004
107,1.6628018117809948,0.9064650123376004
108,1.6628018117809948,0.8940233757451468
109,1.6628018117809948,0.8940233757451468
110,1.6628018117809948,0.891919057640395
111,1.6628018117809948,0.891919057640395
112,1.6628018117809948,0.891919057640395
113,1.6628018117809948,0.891919057640395
114,1.6628018117809948,0.891919057640395
115,1.6628018117809948,0.8895994958078739
116,1.6628018117809948,0.8895994958078739
117,1.6628018117809948,0.8895994958078739
118,1.6628018117809948,0.8895994958078739
119,1.6628018117809948,0.8895994958078739
120,1.4617457559153244,0.8895994958078739
121,1.4617457559153244,0.8895994958078739
122,1.4617457559153244,0.8895994958078739
123,1.4617457559153244,0.8895994958078739
124,1.4617457559153244,0.8895994958078739
125,1.4617457559153244,0.8895994958078739
126,1.4617457559153244,0.8895994958078739
127,1.4617457559153244,0.8895994958078739
128,1.4617457559153244,0.8895994958078739
129,1.4617457559153244,0.8885762528443237
130,1.4617457559153244,0.8885762528443237
131,1.4617457559153244,0.8790729189851201
132,1.4617457559153244,0.8790729189851201
133,1.4617457559153244,0.8790729189851201
134,1.4617457559153244,0.8790729189851201
135,1.4617457559153244,0.8790729189851201
136,1.4617457559153244,0.8790729189851201
137,1.4617457559153244,0.8790729189851201
138,1.4617457559153244,0.8790729189851201
139,1.4617457559153244,0.8790729189851201
140,1.4617457559153244,0.8790729189851201
141,1.4617457559153244,0.8790729189851201
142,1.4617457559153244,0.8790729189851201
143,1.4617457559153244,0.8790729189851201
144,1.4617457559153244,0.8790729189851201
145,1.4617457559153244,0.8790729189851201
146,1.4617457559153244,0.8790729189851201
147,1.4617457559153244,0.8790729189851201
148,1.4617457559153244,0.8790729189851201
149,1.4617457559153244,0.8790729189851201
150,1.4617457559153244,0.8790729189851201
151,1.4617457559153244,0.8790729189851201
152,1.4617457559153244,0.8790729189851201
153,1.4617457559153244,0.8790009637237912
154,1.4617457559153244,0.8790009637237912
155,1.4617457559153244,0.8790009637237912
156,1.4617457559153244,0.8715627695576724
157,1.4617457559153244,0.8715627695576724
158,1.4617457559153244,0.8715627695576724
159,1.4617457559153244,0.8715627695576724
160,1.431657597894854,0.8715627695576724
161,1.431657597894854,0.8715627695576724
162,1.431657597894854,0.8715627695576724
163,1.431657597894854,0.8715627695576724
164,1.431657597894854,0.8715627695576724
165,1.431657597894854,0.8715627695576724
166,1.431657597894854,0.8715627695576724
167,1.431657597894854,0.8715627695576724
168,1.431657597894854,0.8715627695576724
169,1.431657597894854,0.8715627695576724
170,1.431657597894854,0.8715627695576724
171,1.431657597894854,0.8715627695576724
172,1.431657597894854,0.8699802402881069
173,1.431657597894854,0.8699802402881069
174,1.431657597894854,0.8699802402881069
175,1.431657597894854,0.8699802402881069
176,1.431657597894854,0.8699802402881069
177,1.431657597894854,0.8699802402881069
178,1.431657597894854,0.8699802402881069
179,1.431657597894854,0.8699802402881069
180,1.431657597894854,0.8699802402881069
181,1.431657597894854,0.8699802402881069
182,1.431657597894854,0.8699802402881069
183,1.431657597894854,0.8699802402881069
184,1.431657597894854,0.8699802402881069
185,1.431657597894854,0.8699802402881069
186,1.431657597894854,0.8699802402881069
187,1.431657597894854,0.8699802402881069
188,1.431657597894854,0.8699802402881069
189,1.431657597894854,0.8699802402881069
190,1.431657597894854,0.8699802402881069
191,1.431657597894854,0.8502108959036261
192,1.431657597894854,0.8502108959036261
193,1.431657597894854,0.8502108959036261
194,1.431657597894854,0.8502108959036261
195,1.431657597894854,0.8502108959036261
196,1.431657597894854,0.8502108959036261
197,1.431657597894854,0.8502108959036261
198,1.431657597894854,0.8490696030986404
199,1.431657597894854,0.8490696030986404
200,1.2044151105237537,0.8490696030986404
201,1.2044151105237537,0.8490696030986404
202,1.2044151105237537,0.8490696030986404
203,1.2044151105237537,0.8490696030986404
204,1.2044151105237537,0.8490696030986404
205,1.2044151105237537,0.8490696030986404
206,1.2044151105237537,0.8490696030986404
207,1.2044151105237537,0.8490696030986404
208,1.2044151105237537,0.8490696030986404
209,1.2044151105237537,0.8490696030986404
210,1.2044151105237537,0.8490696030986404
211,1.2044151105237537,0.8490696030986404
212,1.2044151105237537,0.8490696030986404
213,1.2044151105237537,0.8490696030986404
214,1.2044151105237537,0.8490696030986404
215,1.2044151105237537,0.8490696030986404
216,1.2044151105237537,0.8490696030986404
217,1.2044151105237537,0.8490696030986404
218,1.2044151105237537,0.8490696030986404
219,1.2044151105237537,0.8490696030986404
220,1.2044151105237537,0.8490696030986404
221,1.2044151105237537,0.8490696030986404
222,1.2044151105237537,0.8490696030986404
223,1.2044151105237537,0.8486446377082018
224,1.2044151105237537,0.8486446377082018
225,1.2044151105237537,0.8486446377082018
226,1.2044151105237537,0.8486446377082018
227,1.2044151105237537,0.8486446377082018
228,1.2044151105237537,0.8486446377082018
229,1.2044151105237537,0.8486446377082018
230,1.2044151105237537,0.8486446377082018
231,1.2044151105237537,0.8486446377082018
232,1.2044151105237537,0.8486446377082018
233,1.2044151105237537,0.8486446377082018
234,1.2044151105237537,0.8486446377082018
235,1.2044151105237537,0.8486446377082018
236,1.2044151105237537,0.8486446377082018
237,1.2044151105237537,0.8486446377082018
238,1.2044151105237537,0.8486446377082018
239,1.2044151105237537,0.8486446377082018
240,1.1499301266052135,0.8486446377082018
241,1.1499301266052135,0.8486446377082018
242,1.1499301266052135,0.8486446377082018
243,1.1499301266052135,0.8486446377082018
244,1.1499301266052135,0.8486446377082018
245,1.1499301266052135,0.8486446377082018
246,1.1499301266052135,0.8486446377082018
247,1.1499301266052135,0.8480275037394631
248,1.1499301266052135,0.8480275037394631
249,1.1499301266052135,0.8480275037394631
250,1.1499301266052135,0.8480275037394631
251,1.1499301266052135,0.8480275037394631
252,1.1499301266052135,0.8480275037394631
253,1.1499301266052135,0.8480275037394631
254,1.1499301266052135,0.8474509125248088
255,1.1499301266052135,0.8474509125248088
256,1.1499301266052135,0.8470953540089565
257,1.1499301266052135,0.8470953540089565
258,1.1499301266052135,0.8470953540089565
259,1.1499301266052135,0.8468981554367958
260,1.1499301266052135,0.8468981554367958
261,1.1499301266052135,0.8468981554367958
262,1.1499301266052135,0.8468981554367958
263,1.1499301266052135,0.8468981554367958
264,1.1499301266052135,0.8468981554367958
265,1.1499301266052135,0.8467527579237099
266,1.1499301266052135,0.8467527579237099
267,1.1499301266052135,0.8467527579237099
268,1.1499301266052135,0.8467527579237099
269,1.1499301266052135,0.8467527579237099
270,1.1499301266052135,0.8467527579237099
271,1.1499301266052135,0.8467527579237099
272,1.1499301266052135,0.8467527579237099
273,1.1499301266052135,0.8467527579237099
274,1.1499301266052135,0.8467527579237099
275,1.1499301266052135,0.8467527579237099
276,1.1499301266052135,0.8461808970603402
277,1.1499301266052135,0.8461808970603402
278,1.1499301266052135,0.8461808970603402
279,1.1499301266052135,0.8461808970603402
280,1.0743546741144796,0.8461284140058412
281,1.0743546741144796,0.8461284140058412
282,1.0743546741144796,0.8461284140058412
283,1.0743546741144796,0.8461284140058412
284,1.0743546741144796,0.8461284140058412
285,1.0743546741144796,0.8461284140058412
286,1.0743546741144796,0.8461284140058412
287,1.0743546741144796,0.8454864172192784
288,1.0743546741144796,0.8454864172192784
289,1.0743546741144796,0.8454864172192784
290,1.0743546741144796,0.8454864172192784
291,1.0743546741144796,0.8452815085132213
292,1.0743546741144796,0.8452815085132213
293,1.0743546741144796,0.8452815085132213
294,1.0743546741144796,0.8452815085132213
295,1.0743546741144796,0.8452815085132213
296,1.0743546741144796,0.8452815085132213
297,1.0743546741144796,0.8452815085132213
298,1.0743546741144796,0.8452815085132213
299,1.0743546741144796,0.8452815085132213
300,1.0743546741144796,0.8452815085132213
301,1.0743546741144796,0.8452815085132213
302,1.0743546741144796,0.8452815085132213
303,1.0743546741144796,0.8452815085132213
304,1.0743546741144796,0.8452815085132213
305,1.0743546741144796,0.8452815085132213
306,1.0743546741144796,0.8452815085132213
307,1.0743546741144796,0.8452815085132213
308,1.0743546741144796,0.8452815085132213
309,1.0743546741144796,0.8452815085132213
310,1.0743546741144796,0.8452815085132213
311,1.0743546741144796,0.8452815085132213
312,1.0743546741144796,0.8452815085132213
313,1.0743546741144796,0.8452815085132213
314,1.0743546741144796,0.8452815085132213
315,1.0743546741144796,0.8452815085132213
316,1.0743546741144796,0.8452815085132213
317,1.0743546741144796,0.8452815085132213
318,1.0743546741144796,0.8452815085132213
319,1.0743546741144796,0.8452815085132213
320,1.011115796090237,0.8452815085132213
321,1.011115796090237,0.8441641892098826
322,1.011115796090237,0.8441641892098826
323,1.011115796090237,0.8441641892098826
324,1.011115796090237,0.8441641892098826
325,1.011115796090237,0.8441641892098826
326,1.011115796090237,0.8441641892098826
327,1.011115796090237,0.8441641892098826
328,1.011115796090237,0.8441641892098826
329,1.011115796090237,0.8441641892098826
330,1.011115796090237,0.8441641892098826
331,1.011115796090237,0.8441641892098826
332,1.011115796090237,0.8441641892098826
333,1.011115796090237,0.8441641892098826
334,1.011115796090237,0.8441641892098826
335,1.011115796090237,0.8441641892098826
336,1.011115796090237,0.8441641892098826
337,1.011115796090237,0.8441641892098826
338,1.011115796090237,0.8441641892098826
339,1.011115796090237,0.8441641892098826
340,1.011115796090237,0.8441641892098826
341,1.011115796090237,0.8441641892098826
342,1.011115796090237,0.8441641892098826
343,1.011115796090237,0.8441641892098826
344,1.011115796090237,0.8441641892098826
345,1.011115796090237,0.8441641892098826
346,1.011115796090237,0.8441641892098826
347,1.011115796090237,0.8441641892098826
348,1.011115796090237,0.8441641892098826
349,1.011115796090237,0.8441641892098826
350,1.011115796090237,0.8441641892098826
351,1.011115796090237,0.8441641892098826
352,1.011115796090237,0.8441641892098826
353,1.011115796090237,0.8441641892098826
354,1.011115796090237,0.8441641892098826
355,1.011115796090237,0.8441641892098826
356,1.011115796090237,0.8441641892098826
357,1.011115796090237,0.8441641892098826
358,1.011115796090237,0.8441641892098826
359,1.011115796090237,0.8441641892098826
360,0.9919602382297215,0.8441641892098826
361,0.9919602382297215,0.8441641892098826
362,0.9919602382297215,0.8441641892098826
363,0.9919602382297215,0.8441641892098826
364,0.9919602382297215,0.8441641892098826
365,0.9919602382297215,0.8441641892098826
366,0.9919602382297215,0.8441641892098826
367,0.9919602382297215,0.8441641892098826
368,0.9919602382297215,0.8441641892098826
369,0.9919602382297215,0.8441641892098826
370,0.9919602382297215,0.8441641892098826
371,0.9919602382297215,0.8441641892098826
372,0.9919602382297215,0.8441641892098826
373,0.9919602382297215,0.843159660075455
374,0.9919602382297215,0.843159660075455
375,0.9919602382297215,0.843159660075455
376,0.9919602382297215,0.843159660075455
377,0.9919602382297215,0.843159660075455
378,0.9919602382297215,0.843159660075455
379,0.9919602382297215,0.8431001506211355
380,0.9919602382297215,0.8431001506211355
381,0.9919602382297215,0.8431001506211355
382,0.9919602382297215,0.8431001506211355
383,0.9919602382297215,0.8431001506211355
384,0.9919602382297215,0.8431001506211355
385,0.9919602382297215,0.8431001506211355
386,0.9919602382297215,0.8431001506211355
387,0.9919602382297215,0.8431001506211355
388,0.9919602382297215,0.8431001506211355
389,0.9919602382297215,0.8431001506211355
390,0.9919602382297215,0.8431001506211355
391,0.9919602382297215,0.8431001506211355
392,0.9919602382297215,0.8431001506211355
393,0.9919602382297215,0.8431001506211355
394,0.9919602382297215,0.8431001506211355
395,0.9919602382297215,0.8431001506211355
396,0.9919602382297215,0.8431001506211355
397,0.9919602382297215,0.8431001506211355
398,0.9919602382297215,0.8431001506211355
399,0.9919602382297215,0.8431001506211355
400,0.9847888359126223,0.8431001506211355
401,0.9847888359126223,0.8431001506211355
402,0.9847888359126223,0.8431001506211355
403,0.9847888359126223,0.8431001506211355
404,0.9847888359126223,0.8431001506211355
405,0.9847888359126223,0.8431001506211355
406,0.9847888359126223,0.8431001506211355
407,0.9847888359126223,0.8431001506211355
408,0.9847888359126223,0.8431001506211355
409,0.9847888359126223,0.8431001506211355
410,0.9847888359126223,0.8431001506211355
411,0.9847888359126223,0.8431001506211355
412,0.9847888359126223,0.8431001506211355
413,0.9847888359126223,0.8431001506211355
414,0.9847888359126223,0.8430981603141734
415,0.9847888359126223,0.8430981603141734
416,0.9847888359126223,0.8430981603141734
417,0.9847888359126223,0.8430981603141734
418,0.9847888359126223,0.8430981603141734
419,0.9847888359126223,0.8430981603141734
420,0.9847888359126223,0.8430981603141734
421,0.9847888359126223,0.8430981603141734
422,0.9847888359126223,0.8430981603141734
423,0.9847888359126223,0.8430981603141734
424,0.9847888359126223,0.8430981603141734
425,0.9847888359126223,0.8430981603141734
426,0.9847888359126223,0.8430981603141734
427,0.9847888359126223,0.8430981603141734
428,0.9847888359126223,0.8430981603141734
429,0.9847888359126223,0.8430981603141734
430,0.9847888359126223,0.8430981603141734
431,0.9847888359126223,0.8404621478640701
432,0.9847888359126223,0.8404621478640701
433,0.9847888359126223,0.8404621478640701
434,0.9847888359126223,0.8404621478640701
435,0.9847888359126223,0.8404621478640701
436,0.9847888359126223,0.8404621478640701
437,0.9847888359126223,0.8404621478640701
438,0.9847888359126223,0.8404621478640701
439,0.9847888359126223,0.8404621478640701
440,0.9834807438021648,0.8404621478640701
441,0.9834807438021648,0.8404621478640701
442,0.9834807438021648,0.8404621478640701
443,0.9834807438021648,0.8404621478640701
444,0.9834807438021648,0.8404621478640701
445,0.9834807438021648,0.8404621478640701
446,0.9834807438021648,0.8404621478640701
447,0.9834807438021648,0.8404621478640701
448,0.9834807438021648,0.8404621478640701
449,0.9834807438021648,0.8404621478640701
450,0.9834807438021648,0.8396883614255506
451,0.9834807438021648,0.8396883614255506
452,0.9834807438021648,0.8396883614255506
453,0.9834807438021648,0.8396883614255506
454,0.9834807438021648,0.8396883614255506
455,0.9834807438021648,0.8396883614255506
456,0.9834807438021648,0.8396883614255506
457,0.9834807438021648,0.8396883614255506
458,0.9834807438021648,0.8396883614255506
459,0.9834807438021648,0.8396883614255506
460,0.9834807438021648,0.8396883614255506
461,0.9834807438021648,0.8396883614255506
462,0.9834807438021648,0.8396883614255506
463,0.9834807438021648,0.8396812766452744
464,0.9834807438021648,0.8396812766452744
465,0.9834807438021648,0.8396812766452744
466,0.9834807438021648,0.8396812766452744
467,0.9834807438021648,0.8396812766452744
468,0.9834807438021648,0.8396812766452744
469,0.9834807438021648,0.8396812766452744
470,0.9834807438021648,0.8396812766452744
471,0.9834807438021648,0.8396812766452744
472,0.9834807438021648,0.8396812766452744
473,0.9834807438021648,0.8396812766452744
474,0.9834807438021648,0.8396812766452744
475,0.9834807438021648,0.8395559478678862
476,0.9834807438021648,0.8395559478678862
477,0.9834807438021648,0.8395559478678862
478,0.9834807438021648,0.8395559478678862
479,0.9834807438021648,0.8395559478678862
480,0.9840649105151869,0.8395559478678862
481,0.9840649105151869,0.8395559478678862
482,0.9840649105151869,0.8395559478678862
483,0.9840649105151869,0.8395559478678862
484,0.9840649105151869,0.8394046886775388
485,0.9840649105151869,0.8394046886775388
486,0.9840649105151869,0.8394046886775388
487,0.9840649105151869,0.8394046886775388
488,0.9840649105151869,0.8394046886775388
489,0.9840649105151869,0.8394046886775388
490,0.9840649105151869,0.8394046886775388
491,0.9840649105151869,0.8394046886775388
492,0.9840649105151869,0.8394046886775388
493,0.9840649105151869,0.8394046886775388
494,0.9840649105151869,0.8394046886775388
495,0.9840649105151869,0.8394046886775388
496,0.9840649105151869,0.8394046886775388
497,0.9840649105151869,0.8394046886775388
498,0.9840649105151869,0.8394046886775388
499,0.9840649105151869,0.8394046886775388
500,0.9840649105151869,0.8394046886775388
501,0.9840649105151869,0.8394046886775388
502,0.9840649105151869,0.8394046886775388
503,0.9840649105151869,0.8394046886775388
504,0.9840649105151869,0.8394046886775388
505,0.9840649105151869,0.8394046886775388
506,0.9840649105151869,0.8394046886775388
507,0.9840649105151869,0.8394046886775388
508,0.9840649105151869,0.8394046886775388
509,0.9840649105151869,0.8394046886775388
510,0.9840649105151869,0.8394046886775388
511,0.9840649105151869,0.8394046886775388
512,0.9840649105151869,0.8394046886775388
513,0.9840649105151869,0.8394046886775388
514,0.9840649105151869,0.8394046886775388
515,0.9840649105151869,0.8394046886775388
516,0.9840649105151869,0.8394046886775388
517,0.9840649105151869,0.8394046886775388
518,0.9840649105151869,0.8394046886775388
519,0.9840649105151869,0.8394046886775388
520,0.8364309489944748,0.8394046886775388
521,0.8364309489944748,0.8394046886775388
522,0.8364309489944748,0.8394046886775388
523,0.8364309489944748,0.8394046886775388
524,0.8364309489944748,0.8394046886775388
525,0.8364309489944748,0.8394046886775388
526,0.8364309489944748,0.8394046886775388
527,0.8364309489944748,0.8394046886775388
528,0.8364309489944748,0.8394046886775388
529,0.8364309489944748,0.8394046886775388
530,0.8364309489944748,0.8394046886775388
531,0.8364309489944748,0.8394046886775388
532,0.8364309489944748,0.8394046886775388
533,0.8364309489944748,0.8394046886775388
534,0.8364309489944748,0.8394046886775388
535,0.8364309489944748,0.8394046886775388
536,0.8364309489944748,0.8394046886775388
537,0.8364309489944748,0.8393678395007542
538,0.8364309489944748,0.8393678395007542
539,0.8364309489944748,0.8393678395007542
540,0.8364309489944748,0.8393678395007542
541,0.8364309489944748,0.8393678395007542
542,0.8364309489944748,0.8393678395007542
543,0.8364309489944748,0.8393678395007542
544,0.8364309489944748,0.8393678395007542
545,0.8364309489944748,0.8393678395007542
546,0.8364309489944748,0.8393678395007542
547,0.8364309489944748,0.8393678395007542
548,0.8364309489944748,0.8393678395007542
549,0.8364309489944748,0.8393678395007542
550,0.8364309489944748,0.8393678395007542
551,0.8364309489944748,0.8393678395007542
552,0.8364309489944748,0.8393678395007542
553,0.8364309489944748,0.8393678395007542
554,0.8364309489944748,0.8393678395007542
555,0.8364309489944748,0.8393678395007542
556,0.8364309489944748,0.8393678395007542
557,0.8364309489944748,0.8393678395007542
558,0.8364309489944748,0.8393678395007542
559,0.8364309489944748,0.8393678395007542
560,0.8211950905926932,0.8393678395007542
561,0.8211950905926932,0.8393678395007542
562,0.8211950905926932,0.8393678395007542
563,0.8211950905926932,0.8393678395007542
564,0.8211950905926932,0.8393678395007542
565,0.8211950905926932,0.8393678395007542
566,0.8211950905926932,0.8393678395007542
567,0.8211950905926932,0.8393678395007542
568,0.8211950905926932,0.8393678395007542
569,0.8211950905926932,0.8393678395007542
570,0.8211950905926932,0.8393678395007542
571,0.8211950905926932,0.8393678395007542
572,0.8211950905926932,0.8393678395007542
573,0.8211950905926932,0.8393678395007542
574,0.8211950905926932,0.8392326553283789
575,0.8211950905926932,0.8392326553283789
576,0.8211950905926932,0.8392326553283789
577,0.8211950905926932,0.8392326553283789
578,0.8211950905926932,0.8392326553283789
579,0.8211950905926932,0.8392326553283789
580,0.8211950905926932,0.8392326553283789
581,0.8211950905926932,0.8392326553283789
582,0.8211950905926932,0.8392326553283789
583,0.8211950905926932,0.8392326553283789
584,0.8211950905926932,0.8392326553283789
585,0.8211950905926932,0.8392326553283789
586,0.8211950905926932,0.8392326553283789
587,0.8211950905926932,0.8392326553283789
588,0.8211950905926932,0.8392326553283789
589,0.8211950905926932,0.8392326553283789
590,0.8211950905926932,0.8392326553283789
591,0.8211950905926932,0.8392326553283789
592,0.8211950905926932,0.8392326553283789
593,0.8211950905926932,0.8392326553283789
594,0.8211950905926932,0.8392326553283789
595,0.8211950905926932,0.8392326553283789
596,0.8211950905926932,0.8392326553283789
597,0.8211950905926932,0.8392326553283789
598,0.8211950905926932,0.8392326553283789
599,0.8211950905926932,0.8392326553283789
600,0.8079146780417952,0.8392326553283789
601,0.8079146780417952,0.8392326553283789
602,0.8079146780417952,0.8392326553283789
603,0.8079146780417952,0.8392326553283789
604,0.8079146780417952,0.8392326553283789
605,0.8079146780417952,0.8392326553283789
606,0.8079146780417952,0.8392326553283789
607,0.8079146780417952,0.8392326553283789
608,0.8079146780417952,0.8392326553283789
609,0.8079146780417952,0.8392326553283789
610,0.8079146780417952,0.8392326553283789
611,0.8079146780417952,0.8392326553283789
612,0.8079146780417952,0.8392326553283789
613,0.8079146780417952,0.8392326553283789
614,0.8079146780417952,0.8392326553283789
615,0.8079146780417952,0.8392326553283789
616,0.8079146780417952,0.8392326553283789
617,0.8079146780417952,0.8392067424508585
618,0.8079146780417952,0.8392067424508585
619,0.8079146780417952,0.8392067424508585
620,0.8079146780417952,0.8392067424508585
621,0.8079146780417952,0.8392067424508585
622,0.8079146780417952,0.8392067424508585
623,0.8079146780417952,0.8392067424508585
624,0.8079146780417952,0.8391921080730907
625,0.8079146780417952,0.8391921080730907
626,0.8079146780417952,0.8391921080730907
627,0.8079146780417952,0.8391921080730907
628,0.8079146780417952,0.8391921080730907
629,0.8079146780417952,0.8391921080730907
630,0.8079146780417952,0.8391921080730907
631,0.8079146780417952,0.8391921080730907
632,0.8079146780417952,0.8391921080730907
633,0.8079146780417952,0.8391921080730907
634,0.8079146780417952,0.8391921080730907
635,0.8079146780417952,0.8391921080730907
636,0.8079146780417952,0.8391921080730907
637,0.8079146780417952,0.8391921080730907
638,0.8079146780417952,0.8391921080730907
639,0.8079146780417952,0.8391921080730907
640,0.7755139384427943,0.8391921080730907
641,0.7755139384427943,0.8391921080730907
642,0.7755139384427943,0.8391921080730907
643,0.7755139384427943,0.8391921080730907
644,0.7755139384427943,0.8391921080730907
645,0.7755139384427943,0.8391921080730907
646,0.7755139384427943,0.8391921080730907
647,0.7755139384427943,0.8391921080730907
648,0.7755139384427943,0.8391921080730907
649,0.7755139384427943,0.8391921080730907
650,0.7755139384427943,0.8391921080730907
651,0.7755139384427943,0.8391921080730907
652,0.7755139384427943,0.8391921080730907
653,0.7755139384427943,0.8391921080730907
654,0.7755139384427943,0.8391921080730907
655,0.7755139384427943,0.8391921080730907
656,0.7755139384427943,0.8391921080730907
657,0.7755139384427943,0.8391921080730907
658,0.7755139384427943,0.8390276947900152
659,0.7755139384427943,0.8390276947900152
660,0.7755139384427943,0.8390276947900152
661,0.7755139384427943,0.8390276947900152
662,0.7755139384427943,0.8390276947900152
663,0.7755139384427943,0.8390276947900152
664,0.7755139384427943,0.8390276947900152
665,0.7755139384427943,0.8390276947900152
666,0.7755139384427943,0.8390276947900152
667,0.7755139384427943,0.8390276947900152
668,0.7755139384427943,0.8390276947900152
669,0.7755139384427943,0.8390276947900152
670,0.7755139384427943,0.8390276947900152
671,0.7755139384427943,0.8390276947900152
672,0.7755139384427943,0.8390276947900152
673,0.7755139384427943,0.8390276947900152
674,0.7755139384427943,0.8390276947900152
675,0.7755139384427943,0.8390276947900152
676,0.7755139384427943,0.8390276947900152
677,0.7755139384427943,0.8390276947900152
678,0.7755139384427943,0.8390276947900152
679,0.7755139384427943,0.8390276947900152
680,0.7755139384427943,0.8390276947900152
681,0.7755139384427943,0.8390276947900152
682,0.7755139384427943,0.8390276947900152
683,0.7755139384427943,0.8390276947900152
684,0.7755139384427943,0.8390276947900152
685,0.7755139384427943,0.8390276947900152
686,0.7755139384427943,0.8390276947900152
687,0.7755139384427943,0.8390276947900152
688,0.7755139384427943,0.8390276947900152
689,0.7755139384427943,0.8390276947900152
690,0.7755139384427943,0.8390276947900152
691,0.7755139384427943,0.8390276947900152
692,0.7755139384427943,0.8390276947900152
693,0.7755139384427943,0.8390276947900152
694,0.7755139384427943,0.8390276947900152
695,0.7755139384427943,0.8390276947900152
696,0.7755139384427943,0.8390276947900152
697,0.7755139384427943,0.8390276947900152
698,0.7755139384427943,0.8390276947900152
699,0.7755139384427943,0.8390276947900152
700,0.7755139384427943,0.8390276947900152
701,0.7755139384427943,0.8389919057719927
702,0.7755139384427943,0.8389919057719927
703,0.7755139384427943,0.8389919057719927
704,0.7755139384427943,0.8389919057719927
705,0.7755139384427943,0.8389919057719927
706,0.7755139384427943,0.8389919057719927
707,0.7755139384427943,0.8389919057719927
708,0.7755139384427943,0.8389919057719927
709,0.7755139384427943,0.8389919057719927
710,0.7755139384427943,0.8389919057719927
711,0.7755139384427943,0.8389919057719927
712,0.7755139384427943,0.8389919057719927
713,0.7755139384427943,0.8389919057719927
714,0.7755139384427943,0.8389919057719927
715,0.7755139384427943,0.8389919057719927
716,0.7755139384427943,0.8389919057719927
717,0.7755139384427943,0.8389919057719927
718,0.7755139384427943,0.8389919057719927
719,0.7755139384427943,0.8389919057719927
720,0.759164348258485,0.8389919057719927
721,0.759164348258485,0.8389919057719927
722,0.759164348258485,0.8389919057719927
723,0.759164348258485,0.8389919057719927
724,0.759164348258485,0.8389919057719927
725,0.759164348258485,0.8389919057719927
726,0.759164348258485,0.8389919057719927
727,0.759164348258485,0.8389919057719927
728,0.759164348258485,0.8389919057719927
729,0.759164348258485,0.8389919057719927
730,0.759164348258485,0.8389919057719927
731,0.759164348258485,0.8389919057719927
732,0.759164348258485,0.8389919057719927
733,0.759164348258485,0.8389919057719927
734,0.759164348258485,0.8389919057719927
735,0.759164348258485,0.8389919057719927
736,0.759164348258485,0.8389919057719927
737,0.759164348258485,0.8389919057719927
738,0.759164348258485,0.8389919057719927
739,0.759164348258485,0.8389919057719927
740,0.759164348258485,0.8389919057719927
741,0.759164348258485,0.8389655508601227
742,0.759164348258485,0.8389655508601227
743,0.759164348258485,0.8389655508601227
744,0.759164348258485,0.8389655508601227
745,0.759164348258485,0.838927130174666
746,0.759164348258485,0.838927130174666
747,0.759164348258485,0.838927130174666
748,0.759164348258485,0.838927130174666
749,0.759164348258485,0.838927130174666
750,0.759164348258485,0.838927130174666
751,0.759164348258485,0.838927130174666
752,0.759164348258485,0.838927130174666
753,0.759164348258485,0.838927130174666
754,0.759164348258485,0.838927130174666
755,0.759164348258485,0.838927130174666
756,0.759164348258485,0.838927130174666
757,0.759164348258485,0.838927130174666
758,0.759164348258485,0.838927130174666
759,0.759164348258485,0.838927130174666
760,0.7553075139919935,0.838927130174666
761,0.7553075139919935,0.838927130174666
762,0.7553075139919935,0.838927130174666
763,0.7553075139919935,0.838927130174666
764,0.7553075139919935,0.838927130174666
765,0.7553075139919935,0.838927130174666
766,0.7553075139919935,0.838927130174666
767,0.7553075139919935,0.838927130174666
768,0.7553075139919935,0.838927130174666
769,0.7553075139919935,0.838927130174666
770,0.7553075139919935,0.838927130174666
771,0.7553075139919935,0.838927130174666
772,0.7553075139919935,0.838927130174666
773,0.7553075139919935,0.838927130174666
774,0.7553075139919935,0.838927130174666
775,0.7553075139919935,0.838927130174666
776,0.7553075139919935,0.838927130174666
777,0.7553075139919935,0.838927130174666
778,0.7553075139919935,0.8389237687878573
779,0.7553075139919935,0.8389237687878573
780,0.7553075139919935,0.8389237687878573
781,0.7553075139919935,0.8389237687878573
782,0.7553075139919935,0.8389237687878573
783,0.7553075139919935,0.8389237687878573
784,0.7553075139919935,0.8389237687878573
785,0.7553075139919935,0.8389237687878573
786,0.7553075139919935,0.8389237687878573
787,0.7553075139919935,0.8389237687878573
788,0.7553075139919935,0.8389237687878573
789,0.7553075139919935,0.8389237687878573
790,0.7553075139919935,0.8389237687878573
791,0.7553075139919935,0.8389237687878573
792,0.7553075139919935,0.8389237687878573
793,0.7553075139919935,0.8389237687878573
794,0.7553075139919935,0.8389237687878573
795,0.7553075139919935,0.8389237687878573
796,0.7553075139919935,0.8389237687878573
797,0.7553075139919935,0.8389237687878573
798,0.7553075139919935,0.8389237687878573
799,0.7553075139919935,0.8389237687878573
800,0.7553075139919935,0.8389237687878573
801,0.7553075139919935,0.8389237687878573
802,0.7553075139919935,0.8389237687878573
803,0.7553075139919935,0.8389237687878573
804,0.7553075139919935,0.838922213514984
805,0.7553075139919935,0.838922213514984
806,0.7553075139919935,0.838922213514984
807,0.7553075139919935,0.838922213514984
808,0.7553075139919935,0.838922213514984
809,0.7553075139919935,0.838922213514984
810,0.7553075139919935,0.8389140690344931
811,0.7553075139919935,0.8389140690344931
812,0.7553075139919935,0.8389140690344931
813,0.7553075139919935,0.838879626755275
814,0.7553075139919935,0.838879626755275
815,0.7553075139919935,0.838879626755275
816,0.7553075139919935,0.838879626755275
817,0.7553075139919935,0.838879626755275
818,0.7553075139919935,0.838879626755275
819,0.7553075139919935,0.838879626755275
820,0.7553075139919935,0.838879626755275
821,0.7553075139919935,0.838879626755275
822,0.7553075139919935,0.838879626755275
823,0.7553075139919935,0.838879626755275
824,0.7553075139919935,0.838879626755275
825,0.7553075139919935,0.838879626755275
826,0.7553075139919935,0.838879626755275
827,0.7553075139919935,0.838879626755275
828,0.7553075139919935,0.838879626755275
829,0.7553075139919935,0.838879626755275
830,0.7553075139919935,0.838879626755275
831,0.7553075139919935,0.838879626755275
832,0.7553075139919935,0.838879626755275
833,0.7553075139919935,0.838879626755275
834,0.7553075139919935,0.838879626755275
835,0.7553075139919935,0.838879626755275
836,0.7553075139919935,0.838879626755275
837,0.7553075139919935,0.838879626755275
838,0.7553075139919935,0.838879626755275
839,0.7553075139919935,0.838879626755275
840,0.7528557960345451,0.838879626755275
841,0.7528557960345451,0.838879626755275
842,0.7528557960345451,0.838879626755275
843,0.7528557960345451,0.838879626755275
844,0.7528557960345451,0.838879626755275
845,0.7528557960345451,0.838879626755275
846,0.7528557960345451,0.838879626755275
847,0.7528557960345451,0.838879626755275
848,0.7528557960345451,0.838879626755275
849,0.7528557960345451,0.838879626755275
850,0.7528557960345451,0.838879626755275
851,0.7528557960345451,0.838879626755275
852,0.7528557960345451,0.838879626755275
853,0.7528557960345451,0.838879626755275
854,0.7528557960345451,0.838879626755275
855,0.7528557960345451,0.838879626755275
856,0.7528557960345451,0.838879626755275
857,0.7528557960345451,0.838879626755275
858,0.7528557960345451,0.838879626755275
859,0.7528557960345451,0.838879626755275
860,0.7528557960345451,0.838879626755275
861,0.7528557960345451,0.838879626755275
862,0.7528557960345451,0.838879626755275
863,0.7528557960345451,0.8388386792498955
864,0.7528557960345451,0.8388386792498955
865,0.7528557960345451,0.8388386792498955
866,0.7528557960345451,0.8388386792498955
867,0.7528557960345451,0.8388386792498955
868,0.7528557960345451,0.8388386792498955
869,0.7528557960345451,0.8388386792498955
870,0.7528557960345451,0.8388386792498955
871,0.7528557960345451,0.8388386792498955
872,0.7528557960345451,0.8388386792498955
873,0.7528557960345451,0.8388386792498955
874,0.7528557960345451,0.8388386792498955
875,0.7528557960345451,0.8388386792498955
876,0.7528557960345451,0.8388386792498955
877,0.7528557960345451,0.8388386792498955
878,0.7528557960345451,0.8388386792498955
879,0.7528557960345451,0.8388386792498955
880,0.7271374735037507,0.8388386792498955
881,0.7271374735037507,0.8388386792498955
882,0.7271374735037507,0.8387693695295179
883,0.7271374735037507,0.8387693695295179
884,0.7271374735037507,0.8387693695295179
885,0.7271374735037507,0.8387693695295179
886,0.7271374735037507,0.8387693695295179
887,0.7271374735037507,0.8387693695295179
888,0.7271374735037507,0.8387693695295179
889,0.7271374735037507,0.8387693695295179
890,0.7271374735037507,0.8387693695295179
891,0.7271374735037507,0.8387693695295179
892,0.7271374735037507,0.8387693695295179
893,0.7271374735037507,0.8387693695295179
894,0.7271374735037507,0.8387693695295179
895,0.7271374735037507,0.8387693695295179
896,0.7271374735037507,0.8387693695295179
897,0.7271374735037507,0.8387693695295179
898,0.7271374735037507,0.8387693695295179
899,0.7271374735037507,0.8387693695295179
900,0.7271374735037507,0.8387693695295179
901,0.7271374735037507,0.8387693695295179
902,0.7271374735037507,0.8387693695295179
903,0.7271374735037507,0.8387693695295179
904,0.7271374735037507,0.8387693695295179
905,0.7271374735037507,0.8387693695295179
906,0.7271374735037507,0.8387693695295179
907,0.7271374735037507,0.8387693695295179
908,0.7271374735037507,0.8387693695295179
909,0.7271374735037507,0.8387693695295179
910,0.7271374735037507,0.8387693695295179
911,0.7271374735037507,0.8387693695295179
912,0.7271374735037507,0.8387693695295179
913,0.7271374735037507,0.8387693695295179
914,0.7271374735037507,0.8387693695295179
915,0.7271374735037507,0.8387693695295179
916,0.7271374735037507,0.8387693695295179
917,0.7271374735037507,0.8387693695295179
918,0.7271374735037507,0.8387693695295179
919,0.7271374735037507,0.8387693695295179
920,0.7271374735037507,0.8387693695295179
921,0.7271374735037507,0.8387693695295179
922,0.7271374735037507,0.8387644020843544
923,0.7271374735037507,0.8387644020843544
924,0.7271374735037507,0.8387644020843544
925,0.7271374735037507,0.8387644020843544
926,0.7271374735037507,0.8387644020843544
927,0.7271374735037507,0.8387644020843544
928,0.7271374735037507,0.8387644020843544
929,0.7271374735037507,0.8387644020843544
930,0.7271374735037507,0.8387644020843544
931,0.7271374735037507,0.8387644020843544
932,0.7271374735037507,0.8387644020843544
933,0.7271374735037507,0.8387644020843544
934,0.7271374735037507,0.8387644020843544
935,0.7271374735037507,0.8387644020843544
936,0.7271374735037507,0.8387644020843544
937,0.7271374735037507,0.8387644020843544
938,0.7271374735037507,0.8387644020843544
939,0.7271374735037507,0.8387644020843544
940,0.7271374735037507,0.8387644020843544
941,0.7271374735037507,0.8387644020843544
942,0.7271374735037507,0.8387644020843544
943,0.7271374735037507,0.8387644020843544
944,0.7271374735037507,0.8387644020843544
945,0.7271374735037507,0.8387644020843544
946,0.7271374735037507,0.8387644020843544
947,0.7271374735037507,0.8387644020843544
948,0.7271374735037507,0.8387644020843544
949,0.7271374735037507,0.8387644020843544
950,0.7271374735037507,0.8387644020843544
951,0.7271374735037507,0.8387644020843544
952,0.7271374735037507,0.8387644020843544
953,0.7271374735037507,0.8387644020843544
954,0.7271374735037507,0.8387644020843544
955,0.7271374735037507,0.8387644020843544
956,0.7271374735037507,0.8387644020843544
957,0.7271374735037507,0.8387644020843544
958,0.7271374735037507,0.8387644020843544
959,0.7271374735037507,0.8387644020843544
960,0.7227628174788493,0.8387644020843544
961,0.7227628174788493,0.8387644020843544
962,0.7227628174788493,0.8387644020843544
963,0.7227628174788493,0.8387644020843544
964,0.7227628174788493,0.8387644020843544
965,0.7227628174788493,0.8387644020843544
966,0.7227628174788493,0.8387644020843544
967,0.7227628174788493,0.8387644020843544
968,0.7227628174788493,0.8387644020843544
969,0.7227628174788493,0.8387644020843544
970,0.7227628174788493,0.8387644020843544
971,0.7227628174788493,0.8387644020843544
972,0.7227628174788493,0.8387644020843544
973,0.7227628174788493,0.8387644020843544
974,0.7227628174788493,0.8387644020843544
975,0.7227628174788493,0.8387644020843544
976,0.7227628174788493,0.8387644020843544
977,0.7227628174788493,0.8387644020843544
978,0.7227628174788493,0.8387644020843544
979,0.7227628174788493,0.8387644020843544
980,0.7227628174788493,0.8387644020843544
981,0.7227628174788493,0.8387644020843544
982,0.7227628174788493,0.8387644020843544
983,0.7227628174788493,0.8387644020843544
984,0.7227628174788493,0.8387644020843544
985,0.7227628174788493,0.8387644020843544
986,0.7227628174788493,0.8387644020843544
987,0.7227628174788493,0.8387644020843544
988,0.7227628174788493,0.8387644020843544
989,0.7227628174788493,0.8387644020843544
990,0.7227628174788493,0.8387644020843544
991,0.7227628174788493,0.8387644020843544
992,0.7227628174788493,0.8387644020843544
993,0.7227628174788493,0.8387644020843544
994,0.7227628174788493,0.8387644020843544
995,0.7227628174788493,0.8387644020843544
996,0.7227628174788493,0.8387644020843544
997,0.7227628174788493,0.8387644020843544
998,0.7227628174788493,0.8387644020843544
999,0.7227628174788493,0.8387644020843544
